CustomerID,Age,Gender,Location,Income,PurchaseFrequency,Recency,TotalSpend,WebsiteVisits,CampaignResponse
C0001,56,Female,Urban,61773,8,142,6463.59,24,0
C0002,69,Male,Urban,63946,7,210,2986.23,19,0
C0003,46,Male,Rural,47646,3,72,1713.08,15,0
C0004,32,Male,Rural,53678,1,224,687.22,3,0
C0005,60,Male,Suburban,72315,10,27,6002.95,38,0
C0006,25,Male,Rural,84077,5,128,3456.82,15,0
C0007,38,Male,Suburban,57211,5,106,3025.9,13,0
C0008,56,Male,Suburban,50996,3,165,2082.6,18,0
C0009,36,Male,Urban,60010,4,215,1737.66,17,0
C0010,40,Female,Suburban,72024,2,71,2076.1,9,0
C0011,28,Female,Urban,31122,2,204,684.14,11,0
C0012,28,Female,Rural,20000,7,153,2088.98,28,0
C0013,41,Female,Suburban,48989,3,67,866.54,10,0
C0014,53,Female,Suburban,35585,1,90,222.96,8,1
C0015,57,Male,Urban,49837,3,260,1983.48,8,0
C0016,41,Female,Urban,57044,7,362,5449.58,23,0
C0017,20,Female,Urban,50935,5,228,2407.85,6,0
C0018,39,Female,Urban,89049,5,79,5405.59,10,0
C0019,19,Male,Urban,66534,4,96,3639.56,10,0
C0020,41,Male,Rural,66009,5,349,1792.57,21,0
C0021,61,Male,Suburban,72444,5,330,3890.06,15,0
C0022,47,Male,Urban,37223,3,246,1511.42,10,0
C0023,55,Female,Urban,80782,3,272,2176.64,12,0
C0024,19,Female,Urban,58484,6,157,2815.6,28,0
C0025,38,Male,Suburban,73409,6,116,5706.99,23,0
C0026,50,Other,Suburban,38562,4,18,1289.18,10,0
C0027,29,Female,Rural,28924,9,172,1309.84,24,0
C0028,39,Male,Urban,76357,6,16,6686.92,7,0
C0029,61,Male,Rural,67528,5,240,3687.44,16,0
C0030,42,Male,Rural,41958,5,56,2768.22,11,1
C0031,66,Male,Urban,42606,4,79,2258.63,12,0
C0032,44,Male,Rural,82508,10,103,4673.34,46,0
C0033,59,Male,Urban,36211,6,284,1457.55,20,0
C0034,45,Male,Rural,92853,2,193,1506.3,11,0
C0035,33,Male,Urban,41987,4,5,1378.35,16,0
C0036,32,Female,Rural,72767,3,106,2529.64,11,0
C0037,64,Male,Rural,53427,2,278,1200.11,16,0
C0038,68,Female,Rural,72063,5,100,3583.66,14,1
C0039,61,Male,Suburban,49117,6,238,2096.11,10,0
C0040,69,Other,Urban,56744,5,269,2502.36,27,1
C0041,20,Male,Urban,60818,10,321,6346.93,21,0
C0042,54,Male,Urban,39956,5,86,1933.84,22,0
C0043,68,Other,Urban,74816,5,320,2346.58,16,0
C0044,24,Female,Suburban,49735,4,32,2286.84,25,0
C0045,38,Female,Urban,55428,4,336,1270.52,7,0
C0046,26,Male,Rural,40113,3,51,1056.81,14,0
C0047,56,Male,Suburban,20000,6,79,1452.04,12,1
C0048,35,Female,Rural,56179,4,186,1168.58,16,1
C0049,21,Female,Urban,108252,2,174,2316.56,9,0
C0050,42,Female,Rural,75692,9,106,5684.99,27,0
C0051,31,Female,Rural,59614,5,63,1516.68,15,0
C0052,67,Male,Urban,54742,9,76,3401.37,41,0
C0053,26,Female,Suburban,60449,5,316,4355.19,29,0
C0054,43,Male,Suburban,70942,5,321,3622.12,15,1
C0055,19,Male,Urban,36383,1,81,544.74,7,0
C0056,37,Male,Suburban,82286,5,361,4216.4,22,0
C0057,45,Female,Urban,74307,8,128,6205.74,33,0
C0058,64,Male,Urban,74363,6,183,3979.21,26,0
C0059,24,Male,Urban,68769,2,243,1114.11,14,0
C0060,61,Female,Urban,60392,5,185,2269.37,12,0
C0061,25,Male,Urban,73457,5,220,3097.76,7,1
C0062,64,Female,Urban,71836,4,71,2758.07,16,0
C0063,52,Male,Rural,52919,6,342,2197.17,19,0
C0064,31,Female,Suburban,48527,5,154,1758.8,12,0
C0065,34,Female,Rural,62037,6,245,2871.86,13,1
C0066,53,Male,Urban,90980,5,140,4318.18,22,1
C0067,67,Male,Urban,35217,4,71,1623.95,21,0
C0068,57,Male,Suburban,30649,7,46,2909.52,13,0
C0069,21,Male,Urban,63295,5,47,2491.08,20,1
C0070,19,Other,Urban,61017,7,79,2920.33,19,0
C0071,23,Male,Suburban,63466,6,149,3346.62,7,0
C0072,59,Female,Urban,64879,4,130,3618.65,21,0
C0073,21,Male,Suburban,55535,8,127,2265.21,10,0
C0074,46,Female,Suburban,89797,4,119,4230.76,18,1
C0075,35,Female,Urban,27981,3,357,820.26,14,0
C0076,43,Female,Urban,43430,5,262,1435.46,18,0
C0077,61,Male,Suburban,57934,10,244,4756.51,22,0
C0078,51,Male,Urban,27136,6,103,1180.33,12,0
C0079,27,Male,Urban,56482,4,37,3112.91,15,0
C0080,53,Female,Rural,93229,3,142,2746.17,19,0
C0081,31,Female,Urban,60417,3,37,1926.87,10,0
C0082,48,Other,Suburban,64614,5,8,3533.38,22,0
C0083,65,Male,Rural,34796,2,231,793.08,10,1
C0084,32,Female,Urban,47672,6,333,2847.61,13,1
C0085,25,Female,Urban,52496,2,296,543.73,13,1
C0086,31,Male,Urban,53645,5,107,2238.93,19,0
C0087,40,Male,Urban,85632,2,348,1171.23,8,0
C0088,57,Female,Urban,71153,6,18,5038.24,24,1
C0089,38,Female,Suburban,37770,3,313,630.8,3,0
C0090,33,Female,Urban,64930,5,83,3453.64,21,0
C0091,62,Male,Suburban,69964,2,288,994.37,3,0
C0092,35,Female,Rural,82802,6,194,7198.04,19,1
C0093,64,Male,Rural,91610,6,215,4592.63,19,0
C0094,41,Male,Suburban,39698,7,281,2293.17,9,0
C0095,43,Male,Urban,43782,6,220,3739.12,26,0
C0096,42,Female,Suburban,34848,6,289,1918.06,24,0
C0097,62,Female,Suburban,55319,4,344,3236.96,20,1
C0098,58,Female,Urban,69327,4,194,1453.57,16,0
C0099,46,Male,Urban,79746,7,158,4501.19,16,0
C0100,32,Female,Rural,58480,5,104,3409.95,9,1
C0101,62,Male,Urban,53603,5,34,3727.71,13,0
C0102,18,Female,Urban,63035,8,102,3814.4,29,0
C0103,42,Male,Urban,43297,4,127,2477.42,9,0
C0104,24,Male,Urban,101790,2,214,2227.41,6,0
C0105,26,Male,Rural,27846,3,325,1086.84,13,1
C0106,41,Male,Suburban,63694,4,296,2285.87,17,0
C0107,18,Female,Suburban,100472,6,179,4293.25,18,1
C0108,61,Female,Urban,60135,9,80,7637.82,38,0
C0109,25,Male,Urban,56199,3,141,2416.22,10,0
C0110,41,Female,Urban,52851,5,31,2636.14,9,0
C0111,28,Male,Urban,56392,3,63,856.87,8,0
C0112,68,Female,Urban,87456,2,48,1066.58,10,0
C0113,34,Female,Suburban,20000,4,87,858.42,12,0
C0114,25,Female,Urban,90668,9,304,4274.08,45,0
C0115,52,Male,Suburban,31520,4,61,1130.83,12,0
C0116,52,Female,Urban,54666,5,334,2195.85,18,0
C0117,50,Female,Urban,51415,8,274,4994.86,33,0
C0118,22,Male,Urban,71771,8,284,3189.95,12,0
C0119,59,Male,Rural,28037,5,80,1386.05,11,0
C0120,56,Female,Rural,69243,3,180,2241.63,7,1
C0121,58,Female,Rural,100486,9,272,10104.49,27,0
C0122,45,Female,Urban,32736,2,77,592.62,13,0
C0123,24,Female,Urban,63794,8,221,4105.11,9,0
C0124,26,Female,Suburban,46760,7,282,3870.54,30,0
C0125,25,Male,Urban,68517,6,28,5539.88,19,1
C0126,29,Male,Rural,60382,9,361,6486.57,30,0
C0127,51,Male,Urban,47170,3,77,2026.57,12,1
C0128,50,Female,Urban,69757,6,164,5094.76,20,0
C0129,65,Male,Urban,96086,7,9,8505.85,18,1
C0130,40,Female,Urban,56181,7,175,2626.64,30,0
C0131,41,Female,Suburban,74395,5,307,3420.46,10,0
C0132,54,Female,Urban,34134,5,76,1681.19,8,0
C0133,52,Male,Urban,40871,1,245,309.1,6,0
C0134,61,Female,Urban,69448,7,122,5000.1,17,0
C0135,57,Male,Urban,89682,4,185,2836.79,14,0
C0136,39,Female,Suburban,67112,7,32,5578.69,34,0
C0137,44,Male,Rural,53738,5,250,2607.07,15,0
C0138,52,Male,Rural,59985,5,57,2875.7,18,0
C0139,18,Female,Suburban,34991,3,310,1557.42,10,1
C0140,52,Male,Urban,72090,5,144,3216.82,29,0
C0141,54,Male,Suburban,77646,5,318,3347.69,17,0
C0142,64,Female,Urban,50958,4,84,1668.58,15,1
C0143,31,Female,Urban,50599,3,56,2117.19,15,0
C0144,20,Female,Rural,65317,3,279,1953.09,12,0
C0145,18,Female,Urban,51265,5,273,2819.61,20,0
C0146,22,Female,Rural,58677,10,166,3994.84,35,1
C0147,43,Male,Urban,101994,2,158,2123.4,6,0
C0148,31,Male,Suburban,55059,5,249,2132.57,15,0
C0149,56,Male,Suburban,52833,3,186,1950.55,8,0
C0150,44,Female,Rural,47049,4,78,2507.77,18,0
C0151,26,Female,Suburban,74883,6,22,5458.12,25,0
C0152,32,Male,Suburban,56375,3,108,2080.65,13,0
C0153,32,Male,Urban,47012,4,273,1903.94,10,0
C0154,43,Female,Suburban,86426,4,252,4190.34,15,1
C0155,59,Male,Urban,88392,5,15,4077.91,9,0
C0156,30,Female,Suburban,47991,8,304,4420.89,34,0
C0157,68,Female,Suburban,22669,5,160,860.33,19,0
C0158,49,Female,Suburban,80150,6,205,2739.96,31,0
C0159,56,Male,Urban,46307,3,113,1269.01,19,0
C0160,66,Female,Urban,75812,4,168,2916.57,5,0
C0161,69,Female,Suburban,20597,5,353,778.99,10,0
C0162,49,Female,Urban,77851,6,253,5734.7,9,0
C0163,21,Female,Urban,35776,7,186,1436.35,22,1
C0164,47,Female,Urban,74615,5,347,2696.39,29,0
C0165,54,Female,Rural,60285,2,227,1505.39,7,0
C0166,40,Male,Suburban,40921,6,16,2300.88,13,0
C0167,56,Female,Urban,51859,4,156,2500.19,4,0
C0168,62,Female,Urban,73726,2,354,1574.03,13,0
C0169,32,Male,Urban,62117,4,111,3604.56,25,1
C0170,60,Female,Suburban,71688,2,1,1573.98,8,0
C0171,46,Female,Suburban,99528,3,41,1537.32,10,0
C0172,53,Female,Urban,28715,4,48,979.61,10,0
C0173,30,Male,Urban,92344,7,108,4156.8,22,0
C0174,49,Male,Urban,62087,5,161,4422.56,9,0
C0175,24,Other,Suburban,42024,5,161,1269.15,19,0
C0176,68,Female,Suburban,33393,7,359,2075.02,30,0
C0177,39,Male,Urban,56217,9,128,3673.72,19,0
C0178,45,Female,Urban,78433,7,210,7393.92,30,0
C0179,19,Female,Urban,57449,6,151,2787.08,10,0
C0180,59,Female,Rural,90223,6,255,8076.19,28,0
C0181,62,Female,Urban,30976,9,218,1501.58,27,0
C0182,23,Male,Suburban,59758,2,30,750.89,10,0
C0183,45,Male,Suburban,34952,3,45,759.83,7,0
C0184,45,Male,Urban,67272,9,80,7938.07,35,1
C0185,61,Female,Urban,77737,3,39,3214.85,18,0
C0186,61,Male,Urban,51584,8,240,2358.22,16,0
C0187,37,Male,Suburban,20000,5,45,532.46,22,0
C0188,47,Male,Suburban,63978,4,78,3184.97,4,0
C0189,28,Female,Suburban,68734,9,337,3917.95,44,0
C0190,45,Female,Suburban,68085,2,349,861.95,11,0
C0191,42,Male,Urban,84715,5,288,2212.61,5,1
C0192,56,Male,Rural,38578,10,280,2121.05,17,1
C0193,50,Female,Suburban,73604,5,116,2810.48,19,1
C0194,18,Male,Urban,83850,4,269,1895.03,14,0
C0195,44,Male,Rural,24428,7,335,1485.75,27,1
C0196,69,Male,Suburban,66393,3,312,2654.61,15,0
C0197,30,Male,Suburban,49916,6,53,2474.8,17,0
C0198,58,Male,Suburban,58369,3,68,2150.02,10,0
C0199,20,Female,Rural,66953,3,182,1192.92,17,0
C0200,56,Male,Suburban,50255,4,34,2330.58,9,0
C0201,23,Female,Urban,46485,1,284,379.66,10,0
C0202,25,Male,Urban,60683,2,306,1516.78,9,0
C0203,44,Female,Rural,38255,4,249,973.59,13,1
C0204,26,Female,Urban,38283,5,111,2675.76,6,0
C0205,54,Male,Urban,73587,8,94,4371.52,25,0
C0206,50,Female,Urban,37024,7,179,2211.06,12,0
C0207,68,Male,Urban,73326,7,47,7443.52,29,1
C0208,59,Other,Suburban,69251,2,282,1493.72,6,0
C0209,61,Male,Rural,25483,6,340,1323.75,18,0
C0210,41,Male,Urban,46448,8,362,5386.49,34,1
C0211,32,Male,Urban,83882,6,92,4172.68,21,0
C0212,49,Other,Urban,40376,4,212,960.74,21,0
C0213,49,Female,Rural,50711,4,75,3036.27,12,0
C0214,41,Female,Suburban,69241,4,202,2126.65,11,0
C0215,58,Male,Urban,75667,1,297,1022.46,11,1
C0216,69,Female,Rural,54969,6,308,2195.05,17,0
C0217,66,Male,Rural,48049,8,211,4733.23,37,1
C0218,66,Female,Rural,88447,7,338,6342.66,22,1
C0219,69,Male,Rural,94777,7,134,9824.91,26,0
C0220,29,Male,Urban,79577,6,330,5026.86,30,0
C0221,56,Male,Suburban,61706,6,66,1943.8,13,1
C0222,19,Male,Urban,43834,4,280,1935.5,19,0
C0223,20,Female,Rural,43391,3,28,840.03,11,0
C0224,66,Male,Suburban,70450,6,117,5488.93,33,0
C0225,54,Female,Suburban,68367,3,317,2782.33,14,0
C0226,66,Male,Suburban,88031,10,325,8645.47,39,1
C0227,34,Female,Urban,73009,5,114,4684.34,16,0
C0228,66,Male,Suburban,29938,6,75,1158.8,24,0
C0229,19,Male,Rural,81038,6,202,4823.76,12,1
C0230,19,Female,Rural,40038,4,59,1431.67,11,1
C0231,45,Male,Urban,52320,6,15,3488.65,15,0
C0232,40,Male,Urban,65004,5,231,1769.66,19,1
C0233,54,Female,Urban,99913,3,105,3753.1,11,0
C0234,49,Female,Suburban,122198,2,165,1415.37,10,0
C0235,50,Male,Rural,72134,3,199,2502.63,7,1
C0236,18,Male,Urban,56336,2,354,584.16,17,0
C0237,36,Female,Suburban,70690,8,35,7532.09,36,0
C0238,19,Male,Rural,77753,7,162,3672.19,28,0
C0239,61,Male,Suburban,53586,4,245,2176.66,18,0
C0240,43,Male,Suburban,95904,3,287,2190.91,8,1
C0241,49,Female,Suburban,64601,3,19,2369.53,12,0
C0242,23,Female,Suburban,69954,6,280,3447.41,18,0
C0243,49,Male,Urban,73318,5,340,4489.29,20,0
C0244,21,Male,Suburban,68431,1,348,537.1,9,1
C0245,28,Male,Suburban,76778,8,182,7692.99,35,0
C0246,34,Female,Rural,47654,9,147,2275.69,35,0
C0247,55,Male,Suburban,48833,4,176,1530.06,14,0
C0248,41,Male,Suburban,37996,7,163,2656.09,11,0
C0249,22,Female,Urban,68790,3,175,1124.84,12,0
C0250,69,Male,Urban,75578,7,47,3629.44,15,0
C0251,51,Female,Urban,69155,5,256,4960.27,14,1
C0252,23,Male,Urban,93489,6,174,8284.07,29,0
C0253,39,Male,Suburban,59888,8,103,5939.69,8,0
C0254,28,Male,Rural,73374,2,121,1103.84,9,0
C0255,65,Female,Urban,38165,4,350,1161.01,16,0
C0256,33,Female,Urban,52258,9,145,5388.9,12,0
C0257,50,Female,Rural,73910,4,42,1825.87,15,0
C0258,26,Male,Urban,76982,4,29,4459.75,8,0
C0259,23,Female,Suburban,54120,3,273,1176.81,7,0
C0260,33,Male,Suburban,58568,4,14,3513.23,25,0
C0261,46,Male,Suburban,29642,4,306,1180.62,23,0
C0262,20,Female,Urban,52859,6,313,4032.39,19,0
C0263,37,Male,Urban,77807,7,189,2735.14,28,0
C0264,53,Male,Suburban,71504,3,360,2979.03,16,0
C0265,36,Male,Suburban,70013,6,295,3234.61,22,1
C0266,43,Male,Urban,60995,8,183,5699.06,31,0
C0267,20,Male,Suburban,60141,7,352,5499.59,14,0
C0268,36,Female,Urban,46793,3,36,932.32,18,1
C0269,37,Male,Suburban,73976,4,37,2788.92,14,0
C0270,49,Female,Urban,68419,6,14,4079.84,26,1
C0271,24,Female,Rural,69840,8,123,4537.47,25,0
C0272,69,Male,Urban,49479,3,83,1457.29,11,0
C0273,58,Male,Urban,20000,4,159,654.04,11,0
C0274,50,Male,Urban,81943,3,329,2115.97,12,1
C0275,57,Female,Urban,50423,8,102,4716.89,14,0
C0276,56,Male,Rural,42744,1,337,484.12,13,0
C0277,35,Female,Rural,73869,3,83,1622.75,8,0
C0278,57,Male,Urban,52159,7,44,5102.39,23,0
C0279,18,Female,Urban,81198,5,68,5532.79,7,0
C0280,28,Male,Suburban,72340,9,48,6569.74,25,0
C0281,45,Male,Rural,73671,5,57,3437.68,23,0
C0282,42,Female,Suburban,32680,4,75,1146.23,17,0
C0283,67,Female,Urban,84238,5,22,5084.89,6,0
C0284,40,Male,Urban,65225,7,132,5349.53,30,0
C0285,48,Female,Suburban,52614,3,302,1098.87,21,0
C0286,47,Female,Urban,62867,6,267,4418.76,12,0
C0287,59,Female,Suburban,24475,7,287,1289.1,15,1
C0288,52,Female,Urban,68173,4,120,1414.07,21,0
C0289,24,Male,Suburban,39412,4,246,1890.53,12,0
C0290,33,Male,Urban,32946,4,56,1508.65,13,0
C0291,43,Male,Suburban,29552,3,38,807.49,4,0
C0292,65,Female,Urban,82253,4,245,3374.63,12,0
C0293,69,Female,Suburban,47414,2,21,1372.32,9,0
C0294,66,Male,Urban,90674,7,110,6951.43,16,0
C0295,19,Male,Suburban,49283,6,94,3423.84,18,1
C0296,18,Female,Suburban,25852,7,136,1020.48,14,1
C0297,65,Other,Suburban,37669,5,231,1254.37,5,0
C0298,29,Female,Suburban,84716,4,8,2714.14,19,0
C0299,22,Male,Suburban,56882,5,328,2956.1,20,1
C0300,54,Male,Rural,49034,4,290,2503.85,24,0
C0301,49,Male,Urban,63200,7,251,3633.17,29,0
C0302,26,Female,Rural,70035,5,361,2998.84,13,0
C0303,58,Male,Urban,82347,6,87,3736.01,26,0
C0304,52,Female,Urban,88969,5,204,3356.84,18,0
C0305,36,Male,Urban,52804,2,219,1530.12,8,1
C0306,65,Female,Urban,33479,4,241,1520.56,9,1
C0307,33,Female,Suburban,51730,4,320,1357.19,16,0
C0308,20,Female,Suburban,65205,6,258,4781.8,9,1
C0309,37,Male,Suburban,40724,11,109,5474.21,49,0
C0310,41,Male,Suburban,40856,6,256,2859.44,12,0
C0311,50,Male,Urban,66875,8,282,3395.75,17,0
C0312,41,Female,Urban,59026,5,220,2679.76,22,0
C0313,69,Female,Urban,60655,3,83,1104.08,15,0
C0314,28,Female,Urban,44830,5,107,2951.2,29,0
C0315,66,Female,Urban,55391,1,69,639.86,7,1
C0316,25,Female,Urban,41515,8,97,3345.13,27,1
C0317,53,Male,Suburban,77803,6,212,3935.35,26,1
C0318,55,Female,Suburban,80704,4,286,2208.87,12,0
C0319,57,Male,Rural,23076,7,237,979.61,17,0
C0320,37,Male,Rural,41409,1,8,608.4,8,0
C0321,52,Female,Suburban,30069,7,294,1472.64,12,1
C0322,65,Male,Urban,46999,3,189,789.41,3,0
C0323,42,Male,Suburban,58331,9,81,7673.44,33,0
C0324,52,Female,Suburban,31007,4,108,1300.99,4,0
C0325,42,Male,Urban,41562,2,321,1077.83,4,1
C0326,46,Female,Urban,39920,4,67,868.29,11,0
C0327,35,Male,Rural,64145,6,174,4106.35,32,0
C0328,63,Male,Urban,61386,2,346,1102.75,6,0
C0329,35,Male,Suburban,45565,1,351,579.57,2,1
C0330,19,Male,Suburban,63536,7,328,2394.66,14,0
C0331,52,Female,Urban,49066,7,43,3096.96,20,1
C0332,33,Male,Urban,54566,6,187,4253.11,22,1
C0333,58,Female,Urban,93469,8,302,7647.24,24,0
C0334,53,Male,Urban,86809,7,200,6380.7,12,0
C0335,50,Female,Urban,34008,5,39,1015.42,20,0
C0336,21,Female,Rural,76594,6,220,2905.96,15,0
C0337,50,Female,Urban,76227,6,307,5383.15,30,0
C0338,31,Male,Suburban,37034,7,4,3046.17,13,0
C0339,38,Male,Urban,76375,6,121,6777.99,14,0
C0340,65,Male,Rural,90758,3,336,3299.83,6,0
C0341,37,Female,Urban,37549,3,77,1118.86,10,0
C0342,25,Male,Urban,41649,1,179,565.31,11,0
C0343,24,Female,Rural,80353,5,133,2428.56,17,1
C0344,20,Female,Rural,65429,3,311,1863.34,9,0
C0345,34,Male,Urban,71029,9,229,5031.68,21,0
C0346,50,Female,Rural,66811,8,276,3231.72,35,1
C0347,65,Male,Urban,67813,4,152,3427.27,4,0
C0348,29,Male,Urban,33470,2,164,676.62,2,0
C0349,68,Female,Urban,80946,3,290,2566.24,18,0
C0350,39,Female,Urban,83391,2,109,1519.81,3,1
C0351,39,Female,Suburban,55412,4,126,2128.57,9,0
C0352,63,Male,Urban,59130,4,240,1457.0,8,1
C0353,47,Male,Urban,29377,5,310,1722.84,27,1
C0354,55,Female,Suburban,70285,8,345,5242.97,13,0
C0355,55,Female,Suburban,71441,6,146,5644.27,11,0
C0356,62,Female,Urban,58756,3,252,1227.33,18,0
C0357,68,Male,Suburban,82487,5,183,2907.89,19,0
C0358,25,Female,Urban,53318,6,309,3665.38,32,0
C0359,44,Male,Suburban,71292,3,306,2878.78,10,0
C0360,44,Male,Suburban,39606,8,72,3080.39,11,0
C0361,51,Female,Rural,59528,8,219,5843.05,13,1
C0362,38,Male,Urban,56512,5,207,4236.51,27,0
C0363,47,Female,Urban,64506,4,173,3845.24,4,0
C0364,50,Male,Urban,52609,2,141,1309.27,14,0
C0365,45,Male,Urban,57370,6,272,4266.9,31,0
C0366,64,Female,Urban,76520,5,214,2860.39,18,1
C0367,50,Female,Rural,51264,6,269,4101.75,31,0
C0368,22,Female,Urban,27868,7,20,1765.64,13,0
C0369,65,Female,Urban,94991,3,66,4166.29,11,0
C0370,36,Female,Suburban,87629,9,303,4585.49,28,0
C0371,21,Female,Urban,34154,2,147,639.25,4,0
C0372,52,Female,Suburban,73794,0,999,0.0,3,0
C0373,66,Male,Urban,49940,6,310,2712.21,21,1
C0374,34,Female,Urban,65269,4,6,1855.15,21,1
C0375,61,Male,Urban,65884,6,14,4320.63,24,0
C0376,45,Other,Urban,55311,4,132,2778.64,15,0
C0377,47,Female,Rural,44324,5,342,2537.19,24,0
C0378,46,Male,Urban,46189,2,243,678.47,9,0
C0379,63,Female,Suburban,41676,5,231,2566.42,13,0
C0380,23,Female,Urban,43363,4,228,1312.85,21,0
C0381,52,Male,Urban,58656,3,162,1188.14,11,0
C0382,58,Female,Rural,45684,5,283,2719.72,5,0
C0383,54,Female,Urban,73641,3,263,2966.53,18,0
C0384,41,Male,Suburban,89744,3,131,2642.62,15,0
C0385,46,Female,Rural,48398,4,225,1996.69,12,0
C0386,66,Male,Suburban,64788,8,258,4160.67,33,0
C0387,63,Female,Rural,69993,5,234,3480.81,24,0
C0388,48,Other,Urban,69440,4,336,1755.4,14,1
C0389,52,Female,Urban,61519,4,316,3582.45,15,0
C0390,50,Male,Urban,74853,4,24,3893.44,17,1
C0391,69,Female,Suburban,69644,4,271,3253.69,4,0
C0392,38,Female,Rural,35246,7,95,2561.45,29,0
C0393,49,Male,Urban,77383,8,142,7999.35,34,0
C0394,40,Female,Suburban,77745,7,182,5413.62,16,0
C0395,50,Male,Urban,44734,3,206,1073.58,19,1
C0396,20,Female,Suburban,60758,6,81,2407.38,22,0
C0397,35,Male,Urban,73666,6,274,5072.28,13,0
C0398,42,Male,Rural,55813,4,276,3191.22,13,0
C0399,59,Male,Suburban,81459,6,208,3194.59,13,0
C0400,48,Female,Urban,107277,9,296,6565.53,39,0
C0401,20,Male,Urban,44280,6,39,2480.4,26,0
C0402,57,Female,Urban,32379,4,288,1692.64,7,1
C0403,63,Male,Urban,66076,6,124,3147.55,28,0
C0404,41,Male,Urban,74431,7,364,3928.01,18,0
C0405,67,Female,Rural,55382,4,283,2481.04,17,0
C0406,49,Female,Suburban,89065,3,180,2767.11,19,1
C0407,64,Male,Suburban,33227,4,97,744.58,17,1
C0408,39,Female,Urban,73858,5,191,2147.38,14,0
C0409,40,Female,Rural,47882,3,74,1641.89,9,0
C0410,19,Female,Suburban,94387,5,273,4554.76,10,0
C0411,44,Male,Urban,99850,3,49,4406.31,7,0
C0412,59,Male,Suburban,44666,5,337,2632.01,19,1
C0413,19,Female,Suburban,49008,5,210,1249.88,12,0
C0414,43,Male,Urban,77191,5,116,3786.29,16,0
C0415,34,Female,Urban,52257,6,23,2867.18,15,0
C0416,57,Female,Urban,59091,6,98,2151.08,10,0
C0417,50,Female,Urban,60507,6,328,5166.85,12,1
C0418,26,Female,Rural,21606,5,313,1409.8,21,0
C0419,60,Other,Rural,59723,7,190,3052.2,36,0
C0420,65,Male,Suburban,46205,3,182,1047.9,13,1
C0421,56,Female,Urban,50137,5,148,1333.69,14,0
C0422,46,Male,Urban,88872,7,342,4956.41,8,0
C0423,59,Male,Suburban,34869,2,23,756.39,13,0
C0424,43,Female,Suburban,76264,8,105,5618.18,31,0
C0425,52,Female,Urban,54420,4,163,3198.28,22,0
C0426,67,Other,Suburban,54404,2,67,605.06,11,0
C0427,42,Female,Rural,75807,5,290,4136.9,23,0
C0428,41,Male,Urban,66801,5,289,4536.82,12,0
C0429,30,Male,Urban,71412,4,46,2801.47,10,0
C0430,24,Female,Suburban,79363,6,81,2395.0,19,0
C0431,53,Male,Urban,53373,8,147,3171.64,12,0
C0432,62,Male,Urban,47755,4,222,1573.56,10,1
C0433,37,Male,Urban,38296,3,343,1684.25,9,0
C0434,18,Male,Urban,43491,6,15,3683.97,21,0
C0435,25,Male,Suburban,118981,4,121,6896.95,13,1
C0436,63,Male,Suburban,84893,2,78,2250.95,9,0
C0437,33,Male,Urban,32978,3,322,842.57,3,0
C0438,31,Male,Rural,33550,1,295,471.67,8,0
C0439,29,Other,Rural,69637,9,241,9286.21,29,0
C0440,68,Male,Rural,70945,5,18,3015.42,10,0
C0441,40,Male,Urban,70977,3,256,1619.46,16,1
C0442,32,Female,Urban,54900,4,277,2299.03,22,0
C0443,45,Male,Rural,57490,3,27,1185.13,10,0
C0444,51,Female,Suburban,66557,4,2,1417.99,10,0
C0445,19,Female,Urban,61717,6,353,5353.94,8,0
C0446,49,Male,Urban,20000,4,295,1140.59,12,1
C0447,40,Male,Urban,55404,2,312,734.27,11,0
C0448,39,Female,Rural,42971,6,363,2340.39,10,0
C0449,68,Female,Suburban,63504,3,239,2535.78,15,0
C0450,42,Male,Urban,119705,6,13,8338.65,26,0
C0451,39,Female,Urban,67349,2,184,1205.26,2,0
C0452,39,Male,Suburban,53729,8,194,5347.85,16,0
C0453,66,Other,Rural,78436,3,56,3287.36,13,1
C0454,69,Male,Urban,69653,6,230,5960.17,13,0
C0455,59,Female,Suburban,68401,4,28,2404.57,4,0
C0456,23,Female,Rural,72137,5,320,2429.43,24,0
C0457,32,Female,Urban,101130,6,71,8572.82,14,0
C0458,60,Female,Suburban,37382,1,210,221.51,10,0
C0459,54,Male,Urban,69472,5,184,4243.66,16,0
C0460,50,Male,Suburban,41472,7,356,1859.39,27,0
C0461,25,Male,Suburban,71110,6,41,3794.66,24,0
C0462,61,Male,Suburban,41626,6,260,2276.67,20,0
C0463,61,Female,Suburban,51652,7,344,2381.83,12,1
C0464,22,Male,Urban,54098,4,84,3078.57,12,0
C0465,56,Male,Rural,79516,3,46,1199.1,15,0
C0466,21,Other,Suburban,78369,8,159,8738.51,25,0
C0467,23,Female,Urban,35085,4,344,1942.07,22,0
C0468,62,Female,Suburban,61098,5,7,2495.74,8,0
C0469,49,Other,Suburban,45808,5,333,2758.29,21,0
C0470,69,Male,Urban,34829,3,136,786.59,5,0
C0471,47,Male,Rural,55659,9,183,6305.59,14,0
C0472,64,Female,Rural,53830,8,197,4569.61,25,0
C0473,52,Female,Urban,108534,6,172,5211.1,26,0
C0474,57,Male,Rural,68659,3,349,1854.28,13,0
C0475,69,Female,Urban,32447,5,276,1930.42,24,1
C0476,33,Male,Urban,48704,5,78,3424.13,28,0
C0477,30,Male,Urban,80427,5,178,2536.37,18,1
C0478,67,Female,Rural,101768,3,27,3270.92,15,1
C0479,59,Female,Suburban,28280,7,120,1492.08,15,1
C0480,47,Female,Urban,22401,3,281,874.56,19,0
C0481,36,Male,Urban,97419,0,999,0.0,1,1
C0482,34,Female,Suburban,67792,6,196,4836.1,13,0
C0483,36,Male,Urban,42634,6,277,1726.54,24,0
C0484,45,Male,Rural,70692,4,18,3100.23,24,0
C0485,43,Female,Rural,20000,5,295,1335.69,13,0
C0486,54,Female,Suburban,60067,9,271,6785.0,16,0
C0487,43,Female,Rural,66556,5,53,4169.54,9,0
C0488,40,Female,Urban,78485,4,294,3195.42,16,0
C0489,26,Female,Rural,39722,3,52,1657.3,5,0
C0490,29,Female,Suburban,61713,6,216,4029.01,10,0
C0491,18,Male,Suburban,41491,2,72,1176.28,11,0
C0492,18,Male,Urban,65107,6,28,4088.16,12,1
C0493,64,Male,Rural,42093,6,252,2540.65,20,0
C0494,51,Male,Urban,51837,6,35,2246.68,27,0
C0495,49,Female,Urban,40083,5,201,2093.91,18,1
C0496,65,Female,Urban,73022,3,249,1403.3,8,0
C0497,42,Male,Suburban,77169,4,99,4227.9,13,0
C0498,57,Male,Suburban,55307,4,308,2601.4,4,1
C0499,62,Female,Suburban,60764,5,140,4537.96,24,1
C0500,18,Male,Rural,31028,4,83,734.86,10,0
C0501,33,Female,Urban,54006,4,48,1600.03,13,0
C0502,56,Female,Suburban,58995,5,278,4062.27,19,1
C0503,22,Female,Urban,112415,5,248,5032.0,23,0
C0504,39,Female,Rural,37760,5,177,1824.38,10,0
C0505,46,Female,Rural,89283,7,52,8503.82,22,0
C0506,20,Male,Suburban,79937,3,79,2450.44,16,0
C0507,29,Female,Suburban,65612,2,322,910.01,15,0
C0508,43,Female,Urban,95172,4,64,5299.29,12,1
C0509,33,Male,Urban,67442,4,8,1432.63,4,0
C0510,68,Female,Rural,67783,6,214,5675.05,24,0
C0511,54,Female,Urban,58937,3,25,973.38,12,0
C0512,39,Female,Urban,84471,5,256,4924.02,8,0
C0513,46,Female,Urban,81929,5,243,2341.86,17,0
C0514,31,Female,Rural,47486,5,198,2863.91,20,1
C0515,45,Female,Urban,33615,5,94,897.47,24,1
C0516,22,Female,Urban,55940,3,207,2252.91,11,0
C0517,64,Female,Suburban,43999,10,15,4250.06,40,0
C0518,66,Female,Rural,58729,5,178,1742.65,13,0
C0519,47,Female,Urban,84748,4,75,4091.02,21,1
C0520,63,Female,Urban,50853,4,104,2012.33,12,0
C0521,69,Male,Urban,59143,7,294,2860.54,34,1
C0522,22,Female,Urban,61160,3,168,946.16,16,0
C0523,29,Female,Urban,76968,6,115,4239.39,12,0
C0524,33,Male,Suburban,20000,2,39,234.25,8,0
C0525,43,Female,Suburban,47865,4,364,1137.6,9,0
C0526,43,Male,Suburban,64225,4,273,1971.27,16,1
C0527,65,Male,Urban,84001,4,135,3798.39,14,0
C0528,38,Female,Rural,50161,8,232,4132.91,38,0
C0529,56,Male,Urban,22468,5,39,639.2,15,0
C0530,53,Female,Rural,72394,8,291,8504.45,17,0
C0531,50,Female,Suburban,47292,5,307,3280.1,11,0
C0532,47,Female,Urban,36206,7,47,1924.2,10,0
C0533,54,Male,Suburban,47513,8,36,2365.53,34,0
C0534,40,Male,Urban,56309,3,320,2436.61,14,0
C0535,27,Female,Suburban,47905,4,95,1841.74,13,0
C0536,22,Other,Urban,20000,6,361,973.4,16,0
C0537,53,Female,Urban,77941,4,13,3087.58,10,0
C0538,51,Male,Rural,85497,4,146,4352.63,22,0
C0539,69,Female,Urban,73030,6,65,2928.73,22,0
C0540,48,Female,Rural,37246,2,228,944.18,7,0
C0541,27,Female,Urban,55970,4,242,2797.26,6,0
C0542,36,Male,Suburban,59869,2,8,1244.49,5,0
C0543,49,Female,Suburban,71975,8,304,7864.52,9,0
C0544,18,Female,Suburban,73366,7,341,3246.45,28,0
C0545,22,Other,Urban,45316,2,43,992.85,10,0
C0546,62,Male,Urban,61639,5,244,2925.83,21,1
C0547,21,Female,Urban,69145,6,181,3826.31,24,0
C0548,33,Female,Urban,89116,7,85,4694.57,7,0
C0549,41,Male,Suburban,74090,7,155,4523.9,8,0
C0550,33,Female,Rural,75781,7,275,3226.04,36,0
C0551,19,Female,Rural,61676,6,23,2781.34,28,0
C0552,66,Male,Suburban,88209,5,115,3404.71,13,1
C0553,45,Male,Suburban,68195,5,306,4162.17,27,0
C0554,49,Female,Suburban,42778,8,299,1877.27,37,0
C0555,44,Male,Urban,88067,7,99,7096.74,28,0
C0556,37,Female,Rural,73958,4,104,2134.16,25,0
C0557,41,Male,Suburban,51139,5,51,1487.79,14,0
C0558,29,Female,Suburban,50410,8,362,3229.49,32,1
C0559,67,Male,Urban,65931,5,112,2388.26,11,1
C0560,52,Female,Urban,69263,2,244,1457.34,11,0
C0561,50,Other,Urban,63945,3,169,1644.75,10,1
C0562,50,Other,Rural,66226,7,72,6796.08,14,0
C0563,68,Female,Suburban,93999,3,139,4127.17,18,0
C0564,60,Male,Urban,81430,8,336,6147.74,17,0
C0565,54,Female,Rural,63812,1,231,826.42,7,0
C0566,29,Male,Urban,78826,5,239,2022.95,18,1
C0567,20,Male,Urban,39349,3,253,1236.91,13,1
C0568,18,Male,Urban,67958,5,49,4224.61,24,1
C0569,50,Female,Suburban,96186,5,303,3448.0,13,0
C0570,57,Female,Rural,55639,2,72,624.46,11,0
C0571,27,Female,Urban,43047,7,263,1976.47,35,0
C0572,60,Male,Rural,46958,2,322,884.55,13,0
C0573,61,Male,Urban,38207,4,222,1538.02,13,0
C0574,46,Other,Rural,44304,5,77,1951.34,15,0
C0575,30,Male,Suburban,52589,4,62,1977.29,12,1
C0576,29,Male,Rural,31888,4,157,1237.55,9,1
C0577,48,Male,Urban,60312,5,294,3828.11,14,0
C0578,63,Female,Rural,78045,4,125,1889.44,19,0
C0579,19,Female,Suburban,41844,4,229,2123.92,10,0
C0580,68,Male,Urban,90385,5,340,5371.7,5,0
C0581,67,Male,Rural,70215,7,161,6102.82,36,0
C0582,52,Female,Urban,80611,6,29,5970.7,21,0
C0583,40,Female,Rural,46843,6,114,2727.93,24,0
C0584,34,Male,Urban,77090,8,79,4387.35,28,0
C0585,43,Female,Suburban,38161,5,23,1977.94,16,0
C0586,25,Male,Suburban,77804,2,106,2268.74,15,1
C0587,46,Male,Urban,63436,4,131,2762.07,5,0
C0588,43,Female,Urban,71065,6,357,2179.05,27,1
C0589,27,Male,Urban,36488,3,173,612.68,7,0
C0590,43,Female,Urban,42098,3,264,1885.4,12,0
C0591,51,Male,Urban,71944,5,342,2057.41,10,0
C0592,68,Male,Suburban,41033,5,285,1120.29,20,0
C0593,58,Other,Urban,69264,6,2,3545.03,19,0
C0594,24,Male,Urban,32657,2,233,959.67,5,0
C0595,21,Female,Suburban,76963,6,251,3780.46,27,0
C0596,67,Male,Urban,35349,4,321,1286.54,16,0
C0597,62,Male,Rural,71045,3,108,2417.12,10,1
C0598,28,Male,Rural,72512,4,276,1520.18,18,0
C0599,46,Female,Suburban,46064,2,180,1287.73,8,1
C0600,53,Male,Suburban,71640,6,213,4381.97,25,0
C0601,42,Female,Rural,65208,8,293,5043.5,29,1
C0602,38,Male,Urban,49223,5,72,3348.95,17,1
C0603,53,Other,Urban,39828,6,283,3472.39,17,0
C0604,27,Male,Urban,20747,5,175,957.92,21,0
C0605,54,Female,Suburban,66993,5,123,2252.44,25,0
C0606,26,Female,Urban,28703,6,227,2265.89,33,0
C0607,41,Female,Suburban,61906,4,301,2236.69,21,0
C0608,52,Female,Rural,54731,4,83,3142.75,16,0
C0609,66,Female,Rural,73582,5,253,5334.32,17,1
C0610,52,Female,Suburban,53959,5,146,1658.78,16,1
C0611,65,Male,Urban,53411,4,120,3111.84,7,0
C0612,53,Male,Rural,74637,4,65,2592.2,19,0
C0613,35,Female,Suburban,66701,7,281,5351.93,13,0
C0614,66,Female,Urban,66323,5,283,1773.31,13,0
C0615,56,Female,Urban,69385,4,106,3854.71,13,0
C0616,49,Female,Rural,29288,3,300,1003.05,20,0
C0617,41,Male,Suburban,75135,9,107,7732.89,38,1
C0618,40,Male,Rural,72249,6,36,6078.35,29,0
C0619,49,Female,Rural,39666,6,147,2399.83,9,0
C0620,54,Male,Suburban,55118,4,262,2007.43,16,0
C0621,29,Male,Suburban,59213,7,159,5662.48,36,0
C0622,66,Female,Urban,57310,6,265,4272.19,17,0
C0623,30,Male,Urban,66677,6,202,5796.8,25,0
C0624,40,Female,Urban,88627,2,155,2552.67,9,0
C0625,42,Male,Suburban,81635,6,13,4321.72,30,0
C0626,52,Female,Suburban,33755,4,297,1278.62,17,0
C0627,58,Male,Rural,72441,7,322,3833.5,22,0
C0628,47,Male,Urban,86578,8,85,8038.93,9,0
C0629,34,Male,Suburban,67736,6,280,3513.64,9,0
C0630,66,Male,Suburban,81819,3,245,3156.82,6,0
C0631,37,Male,Suburban,100245,4,300,2492.29,14,1
C0632,65,Male,Suburban,80474,5,362,2480.22,17,0
C0633,42,Female,Urban,64986,3,354,1373.39,18,1
C0634,39,Male,Suburban,80901,5,316,2363.49,16,0
C0635,30,Female,Urban,62897,8,9,5635.73,18,0
C0636,36,Female,Urban,60478,8,247,3132.05,33,0
C0637,66,Female,Urban,52971,5,312,1747.94,18,0
C0638,53,Male,Suburban,91268,5,278,2346.63,19,0
C0639,29,Female,Rural,43631,8,238,4475.11,25,0
C0640,58,Male,Suburban,90647,5,203,5947.79,12,0
C0641,36,Male,Suburban,69997,4,247,1853.58,15,0
C0642,29,Other,Suburban,32013,3,235,1190.43,9,0
C0643,26,Male,Suburban,67352,7,81,4401.33,15,0
C0644,24,Female,Urban,20000,4,356,591.68,9,0
C0645,45,Female,Urban,72510,4,13,3252.46,13,0
C0646,31,Female,Urban,77704,5,327,2636.05,17,0
C0647,48,Female,Urban,48152,3,16,1815.64,12,0
C0648,69,Male,Urban,62470,5,45,1710.48,18,0
C0649,36,Male,Urban,99083,4,321,5783.0,9,0
C0650,64,Female,Urban,49885,6,139,1711.68,20,0
C0651,33,Male,Rural,38821,5,326,2095.26,18,0
C0652,22,Male,Urban,89633,5,148,6284.14,23,0
C0653,52,Male,Urban,99251,2,355,1016.14,6,0
C0654,29,Male,Urban,60073,5,236,2999.19,11,0
C0655,42,Male,Suburban,80229,3,191,2045.86,10,1
C0656,69,Male,Urban,86829,3,101,2814.12,7,0
C0657,38,Female,Urban,45150,5,105,1637.72,10,0
C0658,53,Female,Suburban,50293,4,250,1136.42,10,0
C0659,40,Female,Urban,84617,3,94,2858.19,17,0
C0660,33,Male,Urban,93700,4,220,3436.35,18,0
C0661,56,Male,Urban,71257,2,298,1599.7,13,0
C0662,62,Male,Urban,42403,6,339,1807.74,31,0
C0663,59,Female,Urban,99741,7,133,5855.98,9,0
C0664,56,Female,Urban,49380,3,361,1572.77,10,0
C0665,31,Male,Rural,53297,5,155,2912.98,23,0
C0666,48,Female,Suburban,66846,4,28,2332.43,16,0
C0667,22,Male,Suburban,91083,6,282,4262.98,12,0
C0668,52,Female,Urban,77079,6,116,3578.16,30,0
C0669,40,Female,Rural,68297,2,305,921.6,10,0
C0670,46,Female,Urban,69265,2,234,1143.43,9,1
C0671,60,Female,Urban,60870,5,1,2128.75,19,0
C0672,28,Female,Suburban,71162,2,348,1613.69,14,0
C0673,35,Male,Urban,20000,7,240,1496.69,27,0
C0674,64,Female,Urban,54067,4,58,1908.76,15,0
C0675,29,Male,Suburban,64826,5,335,2676.76,10,0
C0676,26,Female,Rural,36979,7,183,1909.34,19,0
C0677,27,Female,Urban,67726,5,337,3506.37,7,0
C0678,61,Female,Suburban,55910,7,26,5553.16,25,0
C0679,34,Male,Rural,95109,1,77,1127.71,7,0
C0680,55,Female,Urban,91460,3,217,3414.43,10,0
C0681,24,Female,Urban,50683,4,328,2705.21,22,0
C0682,63,Female,Urban,56983,9,325,4367.58,40,0
C0683,30,Male,Urban,58521,4,262,1317.6,18,0
C0684,57,Male,Urban,50966,5,23,2860.62,28,0
C0685,59,Male,Rural,63900,6,244,2640.37,9,0
C0686,26,Male,Suburban,44834,6,158,2875.77,16,0
C0687,67,Female,Suburban,37387,3,206,1390.25,20,0
C0688,44,Male,Urban,72454,3,310,2790.14,18,0
C0689,19,Other,Rural,72590,5,87,2910.28,13,0
C0690,22,Male,Rural,43913,7,267,3112.13,11,0
C0691,46,Male,Rural,77907,6,134,5239.86,28,0
C0692,54,Female,Urban,47368,6,267,3750.07,31,0
C0693,55,Female,Suburban,65063,4,333,3282.79,11,0
C0694,36,Female,Urban,76406,7,268,7958.32,31,0
C0695,25,Female,Urban,59327,4,53,1205.73,18,1
C0696,65,Female,Urban,69094,8,99,5181.99,20,0
C0697,62,Male,Suburban,49671,5,247,1877.67,15,0
C0698,18,Other,Suburban,56070,5,36,1737.87,25,0
C0699,39,Other,Urban,55882,4,28,3155.13,9,0
C0700,69,Female,Urban,45068,5,220,3375.51,14,1
C0701,34,Male,Urban,56464,2,102,768.58,6,0
C0702,24,Female,Urban,29027,3,263,468.87,7,0
C0703,42,Male,Urban,50176,7,271,2722.24,22,0
C0704,62,Male,Urban,54302,5,224,3624.28,17,0
C0705,21,Male,Suburban,54876,6,139,2613.93,27,1
C0706,53,Male,Urban,55170,7,280,2150.7,13,1
C0707,23,Female,Urban,58764,2,286,649.33,9,0
C0708,48,Female,Urban,69588,7,250,4517.62,36,0
C0709,36,Female,Rural,77490,5,322,5547.61,24,0
C0710,61,Male,Suburban,47004,5,317,1847.07,22,0
C0711,56,Male,Suburban,35935,7,78,2332.22,24,0
C0712,44,Male,Urban,39159,6,297,1414.27,33,0
C0713,27,Other,Suburban,50255,5,338,2496.6,25,1
C0714,43,Male,Urban,52961,0,999,0.0,9,0
C0715,36,Female,Suburban,44600,7,351,2407.53,11,0
C0716,56,Female,Rural,34077,5,13,1357.48,18,0
C0717,20,Male,Suburban,50877,5,346,3413.78,7,1
C0718,62,Female,Rural,63628,6,82,1948.41,13,0
C0719,30,Female,Suburban,71900,8,9,6536.98,21,0
C0720,67,Female,Urban,48851,4,213,1746.69,22,0
C0721,45,Female,Rural,51740,6,48,2478.49,28,1
C0722,37,Male,Urban,41466,4,49,1920.03,12,1
C0723,45,Male,Suburban,59371,1,309,792.41,3,0
C0724,25,Female,Urban,43031,3,40,1366.31,5,0
C0725,58,Female,Urban,71462,4,363,1518.12,11,0
C0726,56,Male,Urban,24282,5,280,1167.24,29,0
C0727,18,Female,Urban,52807,4,226,2033.62,21,0
C0728,20,Female,Urban,66022,5,108,3445.68,9,0
C0729,30,Female,Suburban,63676,2,245,1491.24,6,0
C0730,45,Male,Urban,113860,2,255,1182.59,13,1
C0731,66,Female,Urban,66996,5,33,3356.54,23,0
C0732,42,Female,Suburban,39918,5,23,2172.15,5,0
C0733,50,Male,Urban,58090,5,333,2449.52,12,0
C0734,55,Male,Suburban,24475,6,54,1715.74,25,1
C0735,23,Other,Suburban,58388,4,309,1700.67,18,0
C0736,61,Male,Rural,43338,9,49,3188.1,17,0
C0737,62,Female,Suburban,78307,7,78,8018.08,21,0
C0738,49,Female,Urban,49009,2,336,831.26,4,0
C0739,62,Male,Suburban,57664,3,358,1464.38,21,0
C0740,64,Female,Urban,47288,4,122,2072.5,12,1
C0741,38,Male,Urban,94777,6,359,8364.88,8,1
C0742,33,Female,Suburban,53575,7,90,5561.92,32,1
C0743,38,Male,Urban,96651,4,346,4174.0,24,0
C0744,28,Female,Suburban,76283,5,193,1911.22,8,1
C0745,54,Male,Rural,69641,5,244,4877.16,25,1
C0746,53,Male,Rural,67374,3,149,2163.19,11,1
C0747,52,Other,Rural,67875,3,146,1763.39,8,0
C0748,36,Male,Urban,21446,7,316,1995.41,25,0
C0749,37,Female,Urban,54422,3,141,1469.12,10,0
C0750,35,Male,Suburban,76903,8,286,3285.57,31,1
C0751,64,Female,Urban,59022,8,339,6237.79,10,0
C0752,58,Male,Suburban,31896,5,111,1667.94,12,0
C0753,66,Other,Suburban,58951,5,108,2470.47,27,1
C0754,31,Male,Suburban,94082,3,281,2119.36,14,0
C0755,32,Male,Urban,84937,3,50,2787.12,12,0
C0756,48,Male,Urban,58759,6,14,2496.26,21,1
C0757,18,Male,Urban,79028,5,134,3255.36,11,1
C0758,20,Female,Urban,52669,4,76,2394.4,17,0
C0759,33,Male,Rural,25922,6,84,2148.74,19,1
C0760,40,Female,Urban,41510,3,343,1286.26,11,0
C0761,28,Male,Urban,91257,12,158,13788.27,54,0
C0762,29,Male,Urban,54520,1,286,688.62,8,0
C0763,27,Female,Suburban,55132,6,314,3851.59,24,0
C0764,49,Female,Suburban,54003,1,94,402.78,11,0
C0765,33,Male,Urban,98082,6,297,8043.44,6,0
C0766,25,Male,Urban,92519,1,94,866.23,10,1
C0767,55,Male,Urban,104375,4,57,2272.08,6,0
C0768,29,Female,Urban,56819,3,164,1269.24,5,1
C0769,41,Female,Suburban,65912,3,320,2502.44,8,0
C0770,45,Male,Suburban,29667,5,98,844.22,23,0
C0771,25,Female,Urban,89538,5,16,2898.19,8,1
C0772,45,Female,Urban,36644,5,344,2188.06,18,1
C0773,53,Female,Rural,64335,9,78,8063.37,45,0
C0774,43,Female,Urban,38053,3,346,1294.26,20,0
C0775,25,Male,Suburban,48222,3,72,1044.91,16,0
C0776,67,Male,Urban,43254,6,270,1436.24,26,0
C0777,45,Male,Urban,47842,6,287,3200.99,18,1
C0778,45,Male,Urban,49217,3,66,808.24,6,0
C0779,54,Female,Suburban,49034,7,68,3819.28,21,0
C0780,58,Female,Rural,76666,4,193,2225.09,19,0
C0781,53,Male,Urban,37902,1,55,532.39,8,0
C0782,44,Male,Urban,64410,7,168,4396.4,17,0
C0783,34,Male,Urban,84359,7,25,4274.95,9,0
C0784,26,Female,Urban,49736,2,131,1346.0,9,0
C0785,50,Male,Urban,45641,5,325,1720.75,12,0
C0786,37,Female,Urban,55389,6,102,2680.6,29,0
C0787,30,Male,Suburban,83594,9,282,10038.39,26,0
C0788,45,Male,Urban,63882,3,296,1550.02,18,1
C0789,65,Other,Urban,49375,4,294,1797.57,12,1
C0790,46,Other,Rural,69677,10,263,5906.28,37,0
C0791,30,Male,Urban,37954,4,120,935.79,17,0
C0792,63,Female,Rural,73627,4,231,1587.09,16,1
C0793,52,Female,Urban,68172,4,291,3339.18,19,0
C0794,23,Female,Rural,53843,7,161,4316.03,18,0
C0795,35,Male,Suburban,43228,8,161,2705.61,30,0
C0796,68,Female,Rural,42266,6,78,2017.61,13,0
C0797,22,Female,Rural,70696,6,38,6129.37,32,0
C0798,64,Female,Urban,84579,3,28,3774.77,11,0
C0799,42,Male,Rural,47253,5,100,2299.89,19,0
C0800,19,Male,Urban,69167,6,294,5405.2,32,0
C0801,27,Male,Urban,20000,2,124,494.67,5,1
C0802,47,Female,Urban,48307,8,92,3081.28,15,0
C0803,67,Male,Suburban,59378,5,255,1658.32,17,0
C0804,62,Female,Urban,41806,4,97,1074.51,19,1
C0805,22,Other,Suburban,41269,4,6,2209.2,13,0
C0806,50,Male,Suburban,46644,2,169,1148.57,11,0
C0807,18,Female,Suburban,65843,5,271,3833.16,15,1
C0808,35,Male,Rural,56253,5,108,1773.79,18,0
C0809,49,Female,Urban,20000,4,299,911.94,13,0
C0810,64,Male,Urban,20000,2,47,508.86,8,1
C0811,66,Female,Urban,47862,4,99,2604.84,16,0
C0812,28,Female,Urban,69153,4,14,1419.66,20,0
C0813,38,Female,Urban,20000,1,194,236.9,5,1
C0814,43,Female,Urban,50005,8,157,2076.6,37,1
C0815,42,Female,Urban,49475,4,154,2388.4,14,1
C0816,39,Female,Rural,87766,10,115,9966.89,47,0
C0817,44,Female,Suburban,52299,6,258,2034.48,27,0
C0818,66,Female,Urban,67659,3,145,2569.94,9,0
C0819,30,Male,Suburban,62825,6,291,2142.39,15,0
C0820,50,Female,Urban,20000,4,10,1061.12,8,0
C0821,51,Female,Urban,75364,3,214,1722.66,15,0
C0822,58,Female,Suburban,64307,2,233,1529.03,14,0
C0823,52,Male,Urban,70165,3,171,2996.79,10,0
C0824,18,Female,Urban,138524,5,21,5816.81,11,0
C0825,38,Male,Rural,20000,3,15,601.74,10,0
C0826,65,Female,Rural,94493,4,126,3640.32,24,1
C0827,23,Male,Suburban,54251,3,341,1070.28,14,0
C0828,45,Female,Suburban,65746,6,341,4301.02,21,0
C0829,34,Other,Suburban,59089,5,213,3672.39,14,1
C0830,22,Male,Urban,51515,5,188,3649.52,11,0
C0831,48,Other,Urban,48603,4,172,2626.12,15,0
C0832,22,Male,Urban,66590,4,247,2690.29,11,0
C0833,55,Female,Urban,29656,6,5,2169.07,12,1
C0834,20,Female,Suburban,75011,4,231,3902.92,20,0
C0835,40,Female,Urban,51676,6,201,3080.37,25,0
C0836,54,Female,Rural,37398,4,149,920.63,17,1
C0837,54,Female,Rural,50999,5,72,2391.68,16,1
C0838,27,Male,Suburban,85142,5,226,5715.06,27,0
C0839,27,Male,Suburban,49293,4,74,2162.27,17,1
C0840,36,Female,Rural,67169,5,307,4112.28,23,1
C0841,34,Female,Urban,45380,3,169,932.92,9,0
C0842,38,Female,Suburban,75158,4,249,4402.27,11,0
C0843,31,Female,Urban,73710,6,280,3998.39,28,0
C0844,26,Male,Suburban,96972,6,152,6712.22,24,0
C0845,63,Female,Urban,56488,1,224,293.1,7,1
C0846,18,Male,Rural,73373,3,225,1380.85,10,0
C0847,68,Female,Rural,61961,4,38,3177.45,6,1
C0848,62,Male,Urban,85917,6,44,7567.41,14,0
C0849,30,Male,Urban,45623,4,185,1496.54,20,0
C0850,21,Male,Rural,74900,3,241,1207.05,21,0
C0851,18,Male,Urban,56106,14,331,6761.97,17,0
C0852,66,Female,Rural,58716,5,351,1519.18,21,1
C0853,57,Male,Suburban,61835,4,210,1712.52,10,0
C0854,49,Male,Urban,65044,5,23,4073.29,12,0
C0855,51,Male,Urban,57675,5,124,4144.2,11,0
C0856,45,Male,Urban,64294,7,86,2643.86,28,1
C0857,48,Male,Suburban,91562,7,43,6780.45,19,1
C0858,25,Male,Urban,79708,7,40,4206.32,17,0
C0859,56,Female,Suburban,77383,2,303,989.05,9,0
C0860,43,Female,Urban,50889,5,169,1829.41,10,0
C0861,51,Female,Suburban,42215,3,175,1364.93,21,0
C0862,20,Male,Rural,79106,7,20,3129.39,35,0
C0863,67,Male,Rural,77520,2,109,1448.41,6,0
C0864,29,Female,Urban,89453,6,193,3409.38,10,0
C0865,18,Female,Rural,47920,4,244,1481.07,5,0
C0866,61,Male,Suburban,55409,8,324,3061.92,13,0
C0867,22,Male,Suburban,27210,5,280,1881.54,18,0
C0868,47,Male,Rural,52150,1,228,629.98,8,0
C0869,47,Male,Urban,79931,2,36,2187.65,11,0
C0870,34,Male,Urban,50670,3,45,1342.95,10,0
C0871,65,Female,Rural,72809,6,28,3553.43,8,0
C0872,64,Female,Urban,56189,8,154,3958.35,37,0
C0873,40,Female,Rural,66481,4,23,1378.94,19,1
C0874,32,Female,Rural,37046,3,207,1361.11,10,0
C0875,54,Female,Urban,61704,6,91,3146.06,16,1
C0876,38,Female,Rural,20000,6,359,975.99,28,0
C0877,31,Female,Urban,56262,8,38,4942.69,41,0
C0878,19,Male,Suburban,27390,6,228,1538.63,8,0
C0879,28,Male,Suburban,84119,6,202,7474.02,18,0
C0880,68,Male,Rural,75548,5,350,3234.41,15,0
C0881,56,Female,Urban,69333,4,309,3089.19,16,0
C0882,55,Female,Urban,90420,5,254,3669.47,8,0
C0883,51,Male,Suburban,41021,5,38,3057.28,20,1
C0884,55,Female,Suburban,94947,6,221,5384.13,29,0
C0885,67,Male,Suburban,78643,11,187,9811.04,24,0
C0886,51,Female,Urban,55268,8,43,2771.01,29,0
C0887,35,Male,Urban,82712,7,359,7139.01,16,0
C0888,47,Male,Urban,37874,7,114,2039.31,19,0
C0889,32,Female,Rural,43509,4,260,1650.93,20,0
C0890,44,Male,Urban,47828,8,5,5292.2,40,0
C0891,68,Male,Urban,49420,6,68,4360.48,13,0
C0892,51,Male,Rural,38868,2,228,718.73,5,0
C0893,69,Female,Urban,84461,4,123,4509.55,16,0
C0894,55,Female,Rural,54822,0,999,0.0,3,1
C0895,50,Male,Suburban,67050,6,336,5421.29,13,1
C0896,41,Female,Rural,48592,0,999,0.0,9,1
C0897,32,Female,Urban,23587,7,267,1632.44,23,0
C0898,47,Male,Urban,65401,9,157,8181.45,20,0
C0899,59,Male,Suburban,21754,7,162,2048.65,36,0
C0900,68,Male,Rural,58627,2,214,934.45,15,0
C0901,34,Male,Suburban,32633,4,26,1685.81,11,0
C0902,22,Female,Urban,99745,8,292,4783.7,8,1
C0903,46,Male,Suburban,78227,5,189,5173.79,24,0
C0904,21,Female,Suburban,62115,5,122,3650.67,16,0
C0905,27,Female,Suburban,85274,6,230,3007.78,8,0
C0906,34,Male,Suburban,43073,2,59,1019.18,9,0
C0907,27,Female,Rural,70869,4,96,3063.01,14,0
C0908,34,Male,Suburban,63996,7,262,4903.28,35,0
C0909,37,Other,Urban,65280,3,354,1548.83,8,0
C0910,41,Female,Urban,85447,6,312,3929.69,30,0
C0911,22,Female,Urban,74649,2,136,1884.94,17,0
C0912,51,Female,Urban,65774,8,350,3982.29,33,0
C0913,23,Male,Urban,26902,10,283,2545.63,45,1
C0914,19,Female,Urban,40799,5,120,2437.31,20,0
C0915,30,Female,Urban,57545,4,25,1334.16,18,0
C0916,60,Female,Urban,61867,4,342,2708.66,4,1
C0917,60,Female,Rural,37395,8,146,3258.98,17,0
C0918,65,Female,Rural,108233,9,12,11535.54,26,0
C0919,28,Male,Urban,90327,7,87,5500.46,15,0
C0920,68,Male,Rural,72042,7,109,4785.65,11,1
C0921,64,Female,Suburban,61440,3,345,1529.8,9,0
C0922,40,Male,Urban,55755,8,266,5834.95,24,0
C0923,33,Female,Urban,40961,7,222,1808.13,29,0
C0924,48,Female,Suburban,61549,2,74,1800.87,8,0
C0925,28,Male,Suburban,65155,5,333,3697.01,9,1
C0926,33,Male,Suburban,35164,7,310,3413.84,30,0
C0927,25,Female,Urban,66683,6,102,3705.83,27,0
C0928,21,Male,Urban,56894,1,137,473.52,4,0
C0929,57,Female,Urban,21843,3,191,917.88,3,0
C0930,21,Male,Urban,42792,4,142,1025.08,25,1
C0931,42,Female,Urban,51727,4,357,1276.84,9,1
C0932,20,Male,Urban,97753,3,73,2344.16,13,0
C0933,49,Female,Rural,71131,7,328,7268.47,14,1
C0934,20,Male,Rural,33290,9,167,3394.79,11,0
C0935,44,Female,Urban,69720,4,168,2939.94,22,1
C0936,46,Male,Rural,29053,3,54,1050.58,9,0
C0937,49,Female,Urban,81653,4,259,2996.58,5,0
C0938,67,Female,Urban,50577,4,111,2545.18,12,0
C0939,68,Male,Urban,58127,6,232,3115.25,26,0
C0940,36,Male,Suburban,86515,3,161,3442.51,4,0
C0941,38,Male,Rural,34256,10,352,2628.45,32,1
C0942,22,Female,Suburban,32057,5,327,1246.29,21,1
C0943,35,Female,Urban,48328,5,19,2470.49,22,0
C0944,45,Female,Suburban,80767,3,290,2255.24,16,0
C0945,59,Male,Urban,29613,2,50,679.98,8,1
C0946,39,Male,Rural,20000,7,175,1210.01,32,0
C0947,38,Female,Suburban,50976,5,302,1862.03,17,0
C0948,23,Female,Urban,71034,4,184,2755.58,10,0
C0949,18,Other,Suburban,84005,6,185,5347.54,11,0
C0950,22,Male,Suburban,50736,5,339,1630.15,20,0
C0951,58,Female,Urban,51771,4,307,2188.3,21,0
C0952,29,Male,Suburban,83078,7,310,4764.35,14,0
C0953,43,Male,Urban,22605,4,346,806.95,12,0
C0954,63,Female,Suburban,52229,2,81,814.06,11,1
C0955,51,Female,Rural,63808,3,156,2740.06,10,0
C0956,66,Other,Rural,68984,8,275,6530.5,31,0
C0957,31,Male,Suburban,49803,5,283,1898.64,26,0
C0958,43,Male,Suburban,60688,6,249,4169.38,29,0
C0959,62,Female,Urban,20000,2,147,539.43,9,0
C0960,44,Female,Suburban,46835,3,7,1266.84,3,0
C0961,26,Male,Urban,69070,3,157,2755.8,17,0
C0962,43,Male,Urban,40354,7,171,1848.58,7,0
C0963,64,Male,Urban,61179,5,69,4046.32,18,0
C0964,39,Female,Urban,68937,2,94,1434.3,10,0
C0965,64,Male,Suburban,53149,2,363,768.51,10,0
C0966,47,Male,Urban,63409,7,186,4026.46,11,0
C0967,60,Male,Suburban,40745,8,170,4850.26,20,1
C0968,65,Male,Urban,55867,4,204,2868.34,19,0
C0969,34,Male,Urban,72204,4,42,3105.02,12,0
C0970,43,Female,Suburban,63139,4,13,1553.63,20,0
C0971,53,Male,Urban,48269,3,154,1329.06,9,1
C0972,18,Female,Urban,64484,4,274,1968.18,25,0
C0973,25,Male,Suburban,74292,6,298,2545.25,31,0
C0974,66,Female,Urban,20000,5,51,1042.2,16,0
C0975,52,Female,Rural,83181,5,212,5777.69,17,0
C0976,69,Female,Urban,53274,3,144,1878.87,6,0
C0977,32,Female,Urban,68509,6,357,3081.59,15,0
C0978,64,Male,Suburban,83944,4,3,3604.84,6,0
C0979,39,Male,Urban,32566,2,254,940.01,12,1
C0980,31,Female,Urban,45811,5,335,2801.15,14,0
C0981,43,Other,Urban,54229,7,256,4515.28,32,0
C0982,45,Female,Urban,44324,8,98,5205.97,27,0
C0983,40,Female,Rural,94698,0,999,0.0,7,1
C0984,31,Female,Urban,42864,5,150,1364.41,7,0
C0985,41,Male,Suburban,48889,4,279,1657.6,7,1
C0986,19,Male,Rural,64087,6,59,5633.79,18,0
C0987,62,Female,Urban,35957,4,113,1423.47,14,0
C0988,43,Female,Rural,52086,7,324,2230.04,21,0
C0989,31,Male,Urban,66349,2,243,1272.05,9,1
C0990,68,Female,Rural,53342,3,310,1915.5,9,0
C0991,24,Male,Urban,58132,3,57,2611.66,3,0
C0992,20,Female,Suburban,49413,5,60,2035.58,17,0
C0993,64,Male,Urban,29710,6,329,1807.71,17,0
C0994,40,Male,Urban,66431,9,216,8248.82,23,0
C0995,63,Female,Suburban,95098,6,233,4880.05,29,1
C0996,60,Male,Suburban,60368,7,55,2574.59,8,0
C0997,64,Female,Urban,64505,2,208,1869.27,7,0
C0998,62,Female,Urban,73854,2,63,1460.01,11,0
C0999,35,Female,Suburban,34613,8,184,2776.75,17,0
C1000,55,Male,Suburban,94050,8,311,8435.91,28,0
